{"Name2Desc":{"Fat01":{"idle":1.33333337306976,"move":1.0,"attack1":1.33333337306976,"attack2":1.56666672229767,"hurt":0.866666734218597,"special1":0.666666686534882,"special2":0.666666686534882,"special3":0.666666686534882},"Spider01":{"idle":0.666666686534882,"move":0.533333361148834,"attack1":0.400000035762787,"attack2":0.533333361148834,"hurt":0.333333343267441,"special1":0.666666686534882,"special2":0.666666686534882,"special3":0.666666686534882},"Spider02":{"idle":0.666666686534882,"move":0.533333361148834,"attack1":0.400000035762787,"attack2":0.533333361148834,"hurt":0.333333343267441,"special1":0.666666686534882,"special2":0.666666686534882,"special3":0.666666686534882},"HellDog01":{"idle":1.0,"move":0.600000023841858,"attack1":0.633333384990692,"attack2":1.0,"hurt":0.666666686534882,"special1":0.233333349227905,"special2":1.0,"special3":1.0},"Float01":{"idle":1.0,"move":0.666666686534882,"attack1":0.666666686534882,"attack2":0.666666686534882,"hurt":1.0,"special1":1.0,"special2":1.0,"special3":1.0},"element":{"idle":1.06666672229767,"move":0.800000071525574,"attack1":1.0,"attack2":1.0,"hurt":0.733333349227905,"special1":1.06666672229767,"special2":1.06666672229767,"special3":1.06666672229767},"guard":{"idle":1.33333337306976,"move":0.800000071525574,"attack1":1.10000002384186,"attack2":1.10000002384186,"hurt":1.0,"special1":1.26666676998138,"special2":1.33333337306976,"special3":1.33333337306976},"ghost":{"idle":1.33333337306976,"move":0.900000035762787,"attack1":1.06666672229767,"attack2":1.06666672229767,"hurt":0.866666734218597,"special1":1.23333334922791,"special2":6.70000028610229,"special3":1.33333337306976},"slime":{"idle":0.933333396911621,"move":0.600000023841858,"attack1":0.933333396911621,"attack2":1.23333334922791,"hurt":0.600000023841858,"special1":0.933333396911621,"special2":0.933333396911621,"special3":0.933333396911621},"sentry":{"idle":1.06666672229767,"move":0.666666686534882,"attack1":1.06666672229767,"attack2":1.06666672229767,"hurt":0.800000071525574,"special1":1.06666672229767,"special2":1.06666672229767,"special3":1.06666672229767},"shadow":{"idle":1.50000011920929,"move":0.800000071525574,"attack1":1.06666672229767,"attack2":1.46666669845581,"hurt":0.76666671037674,"special1":1.46666669845581,"special2":1.50000011920929,"special3":1.50000011920929},"jack":{"idle":1.33333337306976,"move":1.33333337306976,"attack1":1.16666674613953,"attack2":1.33333337306976,"hurt":1.16666674613953,"special1":1.0,"special2":1.50000011920929,"special3":1.33333337306976},"scorpion":{"idle":1.66666674613953,"move":0.933333396911621,"attack1":1.66666674613953,"attack2":1.66666674613953,"hurt":1.06666672229767,"special1":1.66666674613953,"special2":1.66666674613953,"special3":1.66666674613953},"AnvyDoll":{"idle":0.666666686534882,"move":0.466666698455811,"attack1":0.733333349227905,"attack2":0.666666686534882,"hurt":0.333333343267441,"special1":1.13333344459534,"special2":0.666666686534882,"special3":0.666666686534882},"bosscainbloodball":{"idle":0.866666734218597,"move":0.866666734218597,"attack1":0.866666734218597,"attack2":0.866666734218597,"hurt":0.866666734218597,"special1":0.866666734218597,"special2":0.866666734218597,"special3":0.866666734218597},"bats":{"idle":1.23333334922791,"move":1.0,"attack1":0.933333396911621,"attack2":0.933333396911621,"hurt":0.5,"special1":1.23333334922791,"special2":1.23333334922791,"special3":1.23333334922791},"assassin":{"idle":1.0,"move":1.0,"attack1":1.0,"attack2":1.0,"hurt":0.5,"special1":2.0,"special2":1.0,"special3":1.0},"Darker":{"idle":1.0,"move":0.600000023841858,"attack1":1.20000004768372,"attack2":1.20000004768372,"hurt":0.733333349227905,"special1":1.20000004768372,"special2":1.0,"special3":1.0},"Playerskill02":{"idle":1.20000004768372,"move":1.20000004768372,"attack1":1.20000004768372,"attack2":1.20000004768372,"hurt":1.20000004768372,"special1":1.20000004768372,"special2":1.20000004768372,"special3":1.20000004768372},"Playerskill03":{"idle":1.0,"move":1.0,"attack1":1.0,"attack2":1.0,"hurt":1.0,"special1":1.0,"special2":1.0,"special3":1.0},"Playerskill04":{"idle":1.0,"move":1.0,"attack1":1.0,"attack2":1.0,"hurt":1.0,"special1":1.0,"special2":1.0,"special3":1.0},"biesi":{"idle":0.400000035762787,"move":0.333333343267441,"attack1":0.400000035762787,"attack2":0.400000035762787,"hurt":0.333333343267441,"special1":0.400000035762787,"special2":0.400000035762787,"special3":0.400000035762787},"emiratesSnow":{"idle":2.0,"move":1.50000011920929,"attack1":2.0,"attack2":2.0,"hurt":0.666666686534882,"special1":2.0,"special2":2.0,"special3":2.0},"Sail":{"idle":2.0,"move":1.0,"attack1":1.0,"attack2":1.0,"hurt":0.666666686534882,"special1":2.0,"special2":2.0,"special3":2.0},"TreasureGuard":{"idle":1.33333337306976,"move":1.0,"attack1":1.0,"attack2":1.0,"hurt":0.600000023841858,"special1":1.33333337306976,"special2":1.33333337306976,"special3":1.33333337306976},"TreasureSwordman":{"idle":1.33333337306976,"move":1.0,"attack1":1.0,"attack2":1.0,"hurt":0.600000023841858,"special1":1.33333337306976,"special2":1.33333337306976,"special3":1.33333337306976},"TreasureWarrior":{"idle":1.33333337306976,"move":0.866666734218597,"attack1":1.0,"attack2":1.0,"hurt":0.600000023841858,"special1":1.33333337306976,"special2":1.33333337306976,"special3":1.33333337306976},"MachineHelperA":{"idle":1.66666674613953,"move":1.06666672229767,"attack1":1.0,"attack2":1.0,"hurt":0.533333361148834,"special1":1.66666674613953,"special2":1.66666674613953,"special3":1.66666674613953},"MachineHelperC":{"idle":2.0,"move":1.06666672229767,"attack1":1.0,"attack2":1.0,"hurt":0.533333361148834,"special1":2.0,"special2":2.0,"special3":2.0},"Boss_SkeletonKnight":{"awake":2.0,"chain":1.83333337306976,"change":2.0,"die":1.90000009536743,"idle":2.0,"move":1.26666676998138,"onCall":1.0,"rebound":0.433333367109299,"round_1":0.400000035762787,"round_2":0.300000011920929,"round_3":1.06666672229767,"shoot_1":0.533333361148834,"shoot_2":0.233333349227905,"shoot_3":0.400000035762787,"shootBomb_1":0.233333349227905,"shootBomb_2":0.233333349227905,"shootBomb_3":0.400000035762787,"sprint_1":1.0,"sprint_2":0.433333367109299,"sprint_3":1.10000002384186,"stone":2.0},"boss_Anvy":{"attack1":0.933333396911621,"attack2":0.600000023841858,"attack3":1.50000011920929,"attack2_2":0.600000023841858,"attack3_2":0.600000023841858,"attack3_3":1.50000011920929,"blink":0.666666686534882,"die":5.66666698455811,"idle":2.50000023841858,"move":0.800000071525574,"oncall":3.80000019073486,"run":0.666666686534882,"skill1":2.26666688919067,"skill2":2.33333349227905,"standUp":1.0,"stiff_loop":1.66666674613953,"stiff":0.800000071525574},"bossAnvyDoll":{"attack":0.733333349227905,"die":1.13333344459534,"idle":0.666666686534882,"run":0.466666698455811,"stiff":0.333333343267441},"Boss_MechanicalGiant":{"attack1_L_To_R":10.1000003814697,"attack1_R_To_L":10.1000003814697,"attack2":0.733333349227905,"attack3_a":1.76666676998138,"attack3_b":0.300000011920929,"attack3_c":2.96666693687439,"attack4":6.56666707992554,"die":4.16666698455811,"idle":3.00000023841858,"skill1_L_To_R":15.0000009536743,"skill1_R_To_L":15.0000009536743,"stiff":6.40000057220459},"bossWolf":{"shoot_a":1.13333344459534,"shoot_b":0.533333361148834,"attack_a":0.866666734218597,"attack_b":1.0,"attack_c":1.13333344459534,"dash_Catched":0.700000047683716,"dash_CatchedNone":4.53333377838135,"dash_CatchedRun":0.400000035762787,"dash_HitOver":4.66666698455811,"dash_RaiseRun":0.400000035762787,"dash_Ready":0.533333361148834,"dash_StartCatch":0.200000017881393,"die":4.90000009536743,"idle":1.0,"move":0.933333396911621,"run":0.533333361148834,"skill":4.90000009536743,"standby&Shoot":3.36666679382324,"standUp":1.0,"stiff":1.33333337306976},"lancer":{"attack1":1.06666672229767,"hurt":1.13333344459534,"idle":1.33333337306976,"move":1.0,"special1":0.833333373069763,"special1_b":0.533333361148834,"special2":1.0,"special3":1.06666672229767},"shield":{"attack1":1.16666674613953,"hurt":0.833333373069763,"idle":1.33333337306976,